Metric,Value
Accuracy,0.9403333333333334
ROC-AUC,0.7017305063770005
Default Threshold,0.5
